checkpoint_step,epsilon_max,b_noise,epsilon_max_stderr,b_noise_stderr
100,0.14752624995556973,49.788149757906524,0.002402960629886947,4.287681298709305
500,0.1868016390647033,150.51412347961653,0.004727147626953579,15.43841043262318
