checkpoint_step,slope_loss_change_per_epsilon_opt
100,-0.46897079272752784
500,-0.04948674869281096
