checkpoint_step,slope_loss_change_per_epsilon_opt
100,-0.505568319575986
500,-0.05804969399786333
